,net_name,method,source_dataset,net_number,set_size,alpha,alpha_cov,beta,beta_cov,threshold_acc,discrim_threshold,log_set_size,log_discrim_threshold
0,alexnet,initialize,None,1,1,0.7000249217900653,9.348922561325465e-11,0.011681409112981229,1.9479200804873e-11,0.75,0.6996996996996997,0.0,-0.1550883124803009
1,alexnet,initialize,None,1,2,0.6931481037779191,2.1018724494114635e-11,0.011942942458751778,2.761614097771793e-12,0.75,0.6926926926926927,0.3010299956639812,-0.15945939376922447
2,alexnet,initialize,None,1,4,0.690109891531999,8.833744379249217e-10,0.016548902736170785,1.6653931850772817e-10,0.75,0.6896896896896897,0.6020599913279624,-0.1613462663183565
3,alexnet,initialize,None,1,8,0.6857408068445016,2.98799655488044e-10,0.015750798379601905,4.1138317418801806e-11,0.75,0.6856856856856857,0.9030899869919435,-0.16387491673355675
4,alexnet,initialize,None,5,1,0.7269021556832043,inf,0.004066748440472677,inf,0.75,0.7267267267267267,0.0,-0.13862886752588863
5,alexnet,initialize,None,5,2,0.7274306106938948,-7.949903312957408e-09,0.004062610286612422,-3.484839059446701e-08,0.75,0.7277277277277278,0.3010299956639812,-0.13803107736694445
6,alexnet,initialize,None,5,4,0.7266685371451603,inf,0.004161892590750811,inf,0.75,0.7267267267267267,0.6020599913279624,-0.13862886752588863
7,alexnet,initialize,None,5,8,0.7250123143655277,4.618271182520778e-10,0.0038180705726805326,2.9479950767324904e-08,0.75,0.7247247247247247,0.9030899869919435,-0.1398269220288354
8,alexnet,initialize,None,6,1,0.6180956540640397,1.162280961665644e-06,0.0031037079256131038,3.785250554655584e-08,0.75,0.6176176176176176,0.0,-0.20928032419274065
9,alexnet,initialize,None,6,2,0.5884195285354237,inf,0.0017392563139177616,inf,0.75,0.5885885885885885,0.3010299956639812,-0.23018816214984383
10,alexnet,initialize,None,6,4,0.6180956540640397,1.162280961665644e-06,0.0031037079256131038,3.785250554655584e-08,0.75,0.6176176176176176,0.6020599913279624,-0.20928032419274065
11,alexnet,initialize,None,6,8,0.6180956540640397,1.162280961665644e-06,0.0031037079256131038,3.785250554655584e-08,0.75,0.6176176176176176,0.9030899869919435,-0.20928032419274065
12,alexnet,initialize,None,7,1,0.7253713502360393,inf,0.0038027574420117245,inf,0.75,0.7257257257257257,0.0,-0.1392274816549886
13,alexnet,initialize,None,7,2,0.724957838288858,inf,0.0037794085786333775,inf,0.75,0.7247247247247247,0.3010299956639812,-0.1398269220288354
14,alexnet,initialize,None,7,4,0.7222876563512172,1.736617731664923e-08,0.016998344577874084,3.100787831011548e-07,0.75,0.7227227227227228,0.6020599913279624,-0.14102829065634315
15,alexnet,initialize,None,7,8,0.7163621946017943,1.0486984287384112e-08,0.014503085217352883,2.5893271894899003e-08,0.75,0.7167167167167167,0.9030899869919435,-0.14465246591812678
16,alexnet,transfer,search stimuli (classify),1,1,0.5300375738877285,4.855109662680518e-05,0.06029673951689439,3.7884490615438234e-05,0.75,0.5305305305305306,0.0,-0.27528961862519324
17,alexnet,transfer,search stimuli (classify),1,2,0.40242507936782124,5.491165289515412e-06,0.03986299587471533,3.5666522346851004e-06,0.75,0.4024024024024024,0.3010299956639812,-0.39533943514151226
18,alexnet,transfer,search stimuli (classify),1,4,0.4094582943863725,5.823961496936679e-06,0.042347634841953,3.900114301117325e-06,0.75,0.4094094094094094,0.6020599913279624,-0.38784218021864053
19,alexnet,transfer,search stimuli (classify),1,8,0.4135367864070313,2.7963966961305e-06,0.03970629832665124,1.775657872702856e-06,0.75,0.4134134134134134,0.9030899869919435,-0.3836154365695813
20,alexnet,transfer,search stimuli (classify),2,1,0.5417236222199449,5.558221858291782e-05,0.05941677529177953,4.3655612551547295e-05,0.75,0.5415415415415415,0.0,-0.2663682231194129
21,alexnet,transfer,search stimuli (classify),2,2,0.40462766469297595,6.440433029493279e-06,0.04157645672367417,4.28900744104776e-06,0.75,0.4044044044044044,0.3010299956639812,-0.39318412311537737
22,alexnet,transfer,search stimuli (classify),2,4,0.4069654587168984,1.1816132645824155e-05,0.04392137969618366,8.15738089529302e-06,0.75,0.4074074074074074,0.6020599913279624,-0.3899710790007623
23,alexnet,transfer,search stimuli (classify),2,8,0.40972967181600634,3.0598724957357493e-06,0.039339041733741385,1.9117635547125307e-06,0.75,0.4094094094094094,0.9030899869919435,-0.38784218021864053
24,alexnet,transfer,search stimuli (classify),3,1,0.5468338840456104,6.0921562779497214e-05,0.0563531350273804,4.8206078803773395e-05,0.75,0.5465465465465466,0.0,-0.26237284552124507
25,alexnet,transfer,search stimuli (classify),3,2,0.40247930942305954,7.748866641695859e-06,0.04214900853474064,5.266709382362524e-06,0.75,0.4024024024024024,0.3010299956639812,-0.39533943514151226
26,alexnet,transfer,search stimuli (classify),3,4,0.40911872894143786,8.238600632788516e-06,0.042252754048040776,5.507526943680341e-06,0.75,0.4094094094094094,0.6020599913279624,-0.38784218021864053
27,alexnet,transfer,search stimuli (classify),3,8,0.41594318261839874,2.8796929971311606e-06,0.03944334381985004,1.837253350339065e-06,0.75,0.4164164164164164,0.9030899869919435,-0.3804721575992396
28,alexnet,transfer,search stimuli (classify),4,1,0.5197983031254214,7.42085985900454e-05,0.06739905358774688,5.7627010664914965e-05,0.75,0.5195195195195195,0.0,-0.2843981303775245
29,alexnet,transfer,search stimuli (classify),4,2,0.39329485983177076,5.1999264057020835e-06,0.037810925054369116,3.6105344593276804e-06,0.75,0.3933933933933934,0.3010299956639812,-0.4051729378505556
30,alexnet,transfer,search stimuli (classify),4,4,0.4048478477984415,9.29034625423222e-06,0.042580000757305,6.300913745048307e-06,0.75,0.4044044044044044,0.6020599913279624,-0.39318412311537737
31,alexnet,transfer,search stimuli (classify),4,8,0.40140709642547007,2.210119565325045e-06,0.03587645895722078,1.3014322044680084e-06,0.75,0.4014014014014014,0.9030899869919435,-0.3964211156058
32,alexnet,transfer,search stimuli (classify),5,1,0.516989694691623,5.296358129334825e-05,0.06370360033820023,4.10384413608446e-05,0.75,0.5165165165165165,0.0,-0.2869157865987709
33,alexnet,transfer,search stimuli (classify),5,2,0.3972636891476683,3.947283554028641e-06,0.03808164481961473,2.5944725710340702e-06,0.75,0.3973973973973974,0.3010299956639812,-0.4007749814628673
34,alexnet,transfer,search stimuli (classify),5,4,0.40316378993777474,8.437891951712262e-06,0.04195286649729917,5.695693089235659e-06,0.75,0.4034034034034034,0.6020599913279624,-0.3942604420848729
35,alexnet,transfer,search stimuli (classify),5,8,0.4170273845257889,4.508517083770866e-06,0.04162828428469097,3.032689413089335e-06,0.75,0.4174174174174174,0.9030899869919435,-0.37942943325222483
36,alexnet,transfer,search stimuli (classify),6,1,0.54321310840763,5.029873076639938e-05,0.057297099412939395,3.969360183385462e-05,0.75,0.5435435435435435,0.0,-0.2647656586371354
37,alexnet,transfer,search stimuli (classify),6,2,0.4129051034313983,6.986306478271996e-06,0.04337013714426801,4.780656008133544e-06,0.75,0.4124124124124124,0.3010299956639812,-0.3846682721928477
38,alexnet,transfer,search stimuli (classify),6,4,0.4130014819126435,6.625181768563708e-06,0.04353903671069323,4.5472426987240615e-06,0.75,0.4134134134134134,0.6020599913279624,-0.3836154365695813
39,alexnet,transfer,search stimuli (classify),6,8,0.44644430989120815,7.571563936201654e-07,0.041120620000879085,6.872510699574275e-07,0.75,0.44644644644644643,0.9030899869919435,-0.35023062951384043
40,alexnet,transfer,search stimuli (classify),7,1,0.5315323456414841,7.52846259786848e-05,0.06324816886723075,5.868872495030149e-05,0.75,0.5315315315315315,0.0,-0.27447096714451324
41,alexnet,transfer,search stimuli (classify),7,2,0.4097039735171694,6.102363925613059e-06,0.04179575767721596,4.0412425078128786e-06,0.75,0.4094094094094094,0.3010299956639812,-0.38784218021864053
42,alexnet,transfer,search stimuli (classify),7,4,0.41372715004638,6.128769459377855e-06,0.04283708262993138,4.162410418246345e-06,0.75,0.4134134134134134,0.6020599913279624,-0.3836154365695813
43,alexnet,transfer,search stimuli (classify),7,8,0.4197484096698102,2.576972991818332e-06,0.03953090586998261,1.6951678718427282e-06,0.75,0.4194194194194194,0.9030899869919435,-0.377351465259687
44,alexnet,transfer,search stimuli (classify),8,1,0.5419914911107413,4.762001841431592e-05,0.057767640065691454,3.7527273696974225e-05,0.75,0.5415415415415415,0.0,-0.2663682231194129
45,alexnet,transfer,search stimuli (classify),8,2,0.40766649564544555,4.3890219324177035e-06,0.04059458575121514,2.835930559810067e-06,0.75,0.4074074074074074,0.3010299956639812,-0.3899710790007623
46,alexnet,transfer,search stimuli (classify),8,4,0.4132510483021858,7.805022188153283e-06,0.04344507047078615,5.3512336671229764e-06,0.75,0.4134134134134134,0.6020599913279624,-0.3836154365695813
47,alexnet,transfer,search stimuli (classify),8,8,0.41854059204837885,2.8606921288798307e-06,0.03992153123103976,1.8781134354333166e-06,0.75,0.4184184184184184,0.9030899869919435,-0.3783892064509471
48,alexnet,transfer,ImageNet,1,1,0.3700625807264391,7.704653141984728e-05,0.016980295786280783,0.0006169012986122925,0.75,0.37037037037037035,0.0,-0.43136376415898736
49,alexnet,transfer,ImageNet,1,2,0.48353925058511066,8.937427375529786e-06,0.03164499643420136,5.519570686505841e-06,0.75,0.48348348348348347,0.3010299956639812,-0.3156183574744702
50,alexnet,transfer,ImageNet,1,4,0.49373682371321476,4.0537257859376004e-05,0.06268946529818328,3.127678777544922e-05,0.75,0.4934934934934935,0.6020599913279624,-0.3067185689487523
51,alexnet,transfer,ImageNet,1,8,0.62308594711353,0.00011703131713976081,0.13736280850917554,9.627615239628756e-05,0.75,0.6226226226226226,0.9030899869919435,-0.20577510353516362
52,alexnet,transfer,ImageNet,2,1,0.4006513351963097,0.0004564027532301127,0.02403694119387817,0.00015355274119155312,0.75,0.40040040040040037,0.0,-0.39750549689801995
53,alexnet,transfer,ImageNet,2,2,0.5006714941568347,2.4742249435286937e-05,0.034481391989986315,1.3113419714693306e-05,0.75,0.5005005005005005,0.3010299956639812,-0.3005954838899635
54,alexnet,transfer,ImageNet,2,4,0.5706218063242067,0.00019596543077165892,0.09352077234043032,0.00015344605921731276,0.75,0.5705705705705706,0.6020599913279624,-0.24369063255349088
55,alexnet,transfer,ImageNet,2,8,0.7995231037372434,5.9008197739742164e-05,0.12943494127852143,5.597930315053009e-05,0.75,0.7997997997997998,0.9030899869919435,-0.09701870891199094
56,alexnet,transfer,ImageNet,3,1,0.44930303875738875,0.00017391018119605032,0.02032899048066972,0.0010260231053145033,0.75,0.4494494494494494,0.0,-0.34731914722265916
57,alexnet,transfer,ImageNet,3,2,0.8539091879956602,0.00010217846146268234,0.13694440544677167,0.00010832122548549355,0.75,0.8538538538538538,0.3010299956639812,-0.0686164570584593
58,alexnet,transfer,ImageNet,3,4,0.994271359690968,0.0005523769763219001,0.24795292291531265,0.0005047918170109325,0.75,0.993993993993994,0.6020599913279624,-0.0026162397306011224
59,alexnet,transfer,ImageNet,3,8,0.9512725757770768,0.0012522966205753094,0.292858383938095,0.0012821363382202226,0.75,0.950950950950951,0.9030899869919435,-0.021841882937134544
60,alexnet,transfer,ImageNet,4,1,0.3956960826811899,0.0007466726656386345,0.020492448599922906,0.00025601575000114995,0.75,0.39539539539539537,0.0,-0.4029683925995221
61,alexnet,transfer,ImageNet,4,2,0.5000900415485002,1.0573940809750397e-05,0.03133404238912348,4.832547295668047e-06,0.75,0.5005005005005005,0.3010299956639812,-0.3005954838899635
62,alexnet,transfer,ImageNet,4,4,0.5100793676193937,8.39100326575448e-05,0.053068900329768506,6.35230545231571e-05,0.75,0.5105105105105106,0.6020599913279624,-0.2919953121280459
63,alexnet,transfer,ImageNet,4,8,0.6198847087866607,6.01093345046575e-05,0.12578976172867262,4.8488852988915545e-05,0.75,0.6196196196196196,0.9030899869919435,-0.2078748392058643
64,alexnet,transfer,ImageNet,5,1,0.36731019209740184,1.7615413048939317e-05,0.01887451143862027,0.00025004553300424893,0.75,0.36736736736736736,0.0,-0.43489942397389303
65,alexnet,transfer,ImageNet,5,2,0.4807741348258135,7.171947150265969e-06,0.031076122359748375,4.8287628604959325e-06,0.75,0.4804804804804805,0.3010299956639812,-0.3183242508503951
66,alexnet,transfer,ImageNet,5,4,0.5207363591391792,6.731355796613498e-05,0.06033642405284518,5.218463988079264e-05,0.75,0.5205205205205206,0.6020599913279624,-0.2835621445911831
67,alexnet,transfer,ImageNet,5,8,0.7420199755178871,5.496001559013693e-05,0.11672447717004905,4.6408452539326704e-05,0.75,0.7417417417417418,0.9030899869919435,-0.1297472802466541
68,alexnet,transfer,ImageNet,6,1,0.3748124212578424,0.0006181732587173145,0.014457724235982933,0.0012389288990235238,0.75,0.3743743743743744,0.0,-0.4266938860255022
69,alexnet,transfer,ImageNet,6,2,0.5116418446940962,4.435924538458264e-05,0.03500046727070576,2.6664629806718846e-05,0.75,0.5115115115115115,0.3010299956639812,-0.2911445880912696
70,alexnet,transfer,ImageNet,6,4,0.5011482746602752,6.40070973943702e-05,0.061333596494271336,4.92616016242887e-05,0.75,0.5015015015015015,0.6020599913279624,-0.29972776235873655
71,alexnet,transfer,ImageNet,6,8,0.5558816048083777,0.000283801615186969,0.14045430555900848,0.00023051288277601504,0.75,0.5555555555555556,0.9030899869919435,-0.255272505103306
72,alexnet,transfer,ImageNet,7,1,0.4062672262655708,0.0002169274816356768,0.01760476259498293,3.462830909384964e-05,0.75,0.4064064064064064,0.0,-0.3910394546487882
73,alexnet,transfer,ImageNet,7,2,0.543554614437094,0.0001067288787416567,0.06226231188440172,8.352476056894365e-05,0.75,0.5435435435435435,0.3010299956639812,-0.2647656586371354
74,alexnet,transfer,ImageNet,7,4,0.6179098981861567,0.00013008881302736304,0.0992530065059823,0.00010233819027098573,0.75,0.6176176176176176,0.6020599913279624,-0.20928032419274065
75,alexnet,transfer,ImageNet,7,8,0.7621940661749164,2.8573830472254596e-05,0.11117263034838878,2.42219954629655e-05,0.75,0.7617617617617618,0.9030899869919435,-0.11818083145540946
76,alexnet,transfer,ImageNet,8,1,0.38955638046549895,7.907806536904457e-05,0.014735720481010262,2.6594955365921058e-05,0.75,0.3893893893893894,0.0,-0.40961588690027456
77,alexnet,transfer,ImageNet,8,2,0.5501072623372776,0.00011509288372393328,0.05978565864118146,9.033445705645875e-05,0.75,0.5505505505505506,0.3010299956639812,-0.2592027987317384
78,alexnet,transfer,ImageNet,8,4,0.505422999654866,0.00013553822962501149,0.08464572001066761,0.00010565635344489842,0.75,0.5055055055055055,0.6020599913279624,-0.2962741101073209
79,alexnet,transfer,ImageNet,8,8,0.613256986370406,0.0003975560819093844,0.1686684025284939,0.00034889155303941384,0.75,0.6136136136136137,0.9030899869919435,-0.21210501370756724
80,alexnet,transfer,Stylized ImageNet,1,1,0.5202889121128998,1.3413505243866615e-06,0.02146576527695906,7.540932349913497e-07,0.75,0.5205205205205206,0.0,-0.2835621445911831
81,alexnet,transfer,Stylized ImageNet,1,2,0.5548679801761995,4.889917761212313e-06,0.034824913042851596,5.324736572157574e-06,0.75,0.5545545545545546,0.3010299956639812,-0.2560557234975525
82,alexnet,transfer,Stylized ImageNet,1,4,0.5834719652869284,3.0168456583328362e-05,0.05772245814261381,2.3147375382132266e-05,0.75,0.5835835835835835,0.6020599913279624,-0.23389693346696827
83,alexnet,transfer,Stylized ImageNet,1,8,0.7100059945326402,0.00011356403875138068,0.13529446670972664,9.802211271945236e-05,0.75,0.7097097097097097,0.9030899869919435,-0.14891925304291576
84,alexnet,transfer,Stylized ImageNet,2,1,0.4995302639043806,4.616257875146994e-09,0.019270330208140018,8.426342428392894e-10,0.75,0.4994994994994995,0.0,-0.3014649426025924
85,alexnet,transfer,Stylized ImageNet,2,2,0.552002464497868,4.264254343068705e-06,0.032553980531594105,5.595784623590741e-06,0.75,0.5515515515515516,0.3010299956639812,-0.2584138893741973
86,alexnet,transfer,Stylized ImageNet,2,4,0.5663648754250292,2.7275285823455858e-05,0.05503779719422585,2.1229285176814867e-05,0.75,0.5665665665665666,0.6020599913279624,-0.24674905703771088
87,alexnet,transfer,Stylized ImageNet,2,8,0.6922779334065058,0.00048144021619692107,0.1696691610109623,0.00044881672175810217,0.75,0.6926926926926927,0.9030899869919435,-0.15945939376922447
88,alexnet,transfer,Stylized ImageNet,3,1,0.5092535901176988,3.0185482248062794e-08,0.02199690195855706,8.838199720865972e-09,0.75,0.5095095095095095,0.0,-0.2928477058892236
89,alexnet,transfer,Stylized ImageNet,3,2,0.559133879926448,2.367858708995693e-06,0.033482614917770825,2.423351734654514e-06,0.75,0.5595595595595596,0.3010299956639812,-0.2521536803395589
90,alexnet,transfer,Stylized ImageNet,3,4,0.5711137286203732,2.7558643921676847e-05,0.05542793363991884,2.1297895890816627e-05,0.75,0.5715715715715716,0.6020599913279624,-0.24292937998013425
91,alexnet,transfer,Stylized ImageNet,3,8,0.6841655785533688,0.00015132298818956114,0.13757142943963604,0.00012868953666186905,0.75,0.6836836836836837,0.9030899869919435,-0.16514478454444972
92,alexnet,transfer,Stylized ImageNet,4,1,0.5247438714889712,3.360368213370721e-08,0.020431027691079413,2.6659031515364138e-08,0.75,0.5245245245245245,0.0,-0.28023420124225573
93,alexnet,transfer,Stylized ImageNet,4,2,0.5605522751342891,6.220413315958014e-06,0.03518971523901262,5.829084735166162e-06,0.75,0.5605605605605606,0.3010299956639812,-0.2513774612197819
94,alexnet,transfer,Stylized ImageNet,4,4,0.5920018802891494,3.738493170328976e-05,0.05681845125834719,2.858629986509053e-05,0.75,0.5915915915915916,0.6020599913279624,-0.22797800734472692
95,alexnet,transfer,Stylized ImageNet,4,8,0.6962084932437361,0.0001690911228542679,0.12503153089319913,0.00014074508048335637,0.75,0.6966966966966966,0.9030899869919435,-0.15695624861542024
96,alexnet,transfer,Stylized ImageNet,5,1,0.5183380107981639,4.0869841349922956e-08,0.021005243038058584,1.9361116316723348e-08,0.75,0.5185185185185185,0.0,-0.2852357284807493
97,alexnet,transfer,Stylized ImageNet,5,2,0.5659651717145725,2.5717729579664266e-06,0.03471333520346713,2.0871522496365643e-06,0.75,0.5655655655655656,0.3010299956639812,-0.24751704040654374
98,alexnet,transfer,Stylized ImageNet,5,4,0.5685942918742348,2.8501171493020438e-05,0.054706788514636014,2.2101618543879497e-05,0.75,0.5685685685685685,0.6020599913279624,-0.24521715251496348
99,alexnet,transfer,Stylized ImageNet,5,8,0.6741981632600405,0.00019112741310697845,0.13327538594639365,0.0001598659005575644,0.75,0.6746746746746747,0.9030899869919435,-0.1709055916906625
100,alexnet,transfer,Stylized ImageNet,6,1,0.49601799675964464,2.3986216072767213e-09,0.018121945187711777,4.096082497173971e-10,0.75,0.4964964964964965,0.0,-0.3040838117357848
101,alexnet,transfer,Stylized ImageNet,6,2,0.5438195846337266,4.336524019024403e-06,0.03272955478611177,6.082917822082537e-06,0.75,0.5435435435435435,0.3010299956639812,-0.2647656586371354
102,alexnet,transfer,Stylized ImageNet,6,4,0.559520516069435,2.7645173481793272e-05,0.054519799731421945,2.1761938152872953e-05,0.75,0.5595595595595596,0.6020599913279624,-0.2521536803395589
103,alexnet,transfer,Stylized ImageNet,6,8,0.6822660473345746,0.0001567981950693694,0.14645192780505864,0.00013613250394134787,0.75,0.6826826826826827,0.9030899869919435,-0.16578111356950337
104,alexnet,transfer,Stylized ImageNet,7,1,0.49176030148452865,3.0614737295109737e-10,0.01493379533080085,4.442170846546682e-11,0.75,0.49149149149149146,0.0,-0.30848399610301386
105,alexnet,transfer,Stylized ImageNet,7,2,0.567607019274255,1.2526336758741745e-05,0.041764926578955655,9.717352484553737e-06,0.75,0.5675675675675675,0.3010299956639812,-0.2459824293330757
106,alexnet,transfer,Stylized ImageNet,7,4,0.5846884165683546,9.522667564785922e-05,0.07898555765885461,7.434783285875813e-05,0.75,0.5845845845845846,0.6020599913279624,-0.2331526411135828
107,alexnet,transfer,Stylized ImageNet,7,8,0.7482612628914059,0.000380802978055802,0.19018594160682858,0.0003961036166968923,0.75,0.7487487487487487,0.9030899869919435,-0.12566389036152095
108,alexnet,transfer,Stylized ImageNet,8,1,0.5088951633773452,2.29441343582046e-08,0.018952855849097946,5.172585448958472e-09,0.75,0.5085085085085085,0.0,-0.2937017759420631
109,alexnet,transfer,Stylized ImageNet,8,2,0.558966790316219,5.711276299965087e-06,0.033745026627145874,5.825307669281323e-06,0.75,0.5585585585585585,0.3010299956639812,-0.2529312892884036
110,alexnet,transfer,Stylized ImageNet,8,4,0.5900568695150499,2.9582158029646927e-05,0.055921034112734316,2.2548133048496924e-05,0.75,0.5895895895895896,0.6020599913279624,-0.22945019343888062
111,alexnet,transfer,Stylized ImageNet,8,8,0.6713006439452772,0.0002178333825864363,0.13492432714398328,0.00018255318505892075,0.75,0.6716716716716716,0.9030899869919435,-0.17284296805699026
112,alexnet,transfer,"DomainNet, Clipart domain",1,1,0.7282074404794873,0.00015250610824142475,0.08582824527931437,0.00011920037391061827,0.75,0.7277277277277278,0.0,-0.13803107736694445
113,alexnet,transfer,"DomainNet, Clipart domain",1,2,0.7562677507527749,2.343526081778231e-06,0.03848380653717984,1.543656412812545e-06,0.75,0.7567567567567568,0.3010299956639812,-0.12104369272477576
114,alexnet,transfer,"DomainNet, Clipart domain",1,4,0.7880214958911747,3.595252518025104e-06,0.04492821633103511,2.530003355343188e-06,0.75,0.7877877877877878,0.6020599913279624,-0.10359075586691774
115,alexnet,transfer,"DomainNet, Clipart domain",1,8,0.8218637454989837,7.507300287000509e-06,0.054765837468065945,6.016082110162746e-06,0.75,0.8218218218218218,0.9030899869919435,-0.08522233110654152
116,alexnet,transfer,"DomainNet, Clipart domain",2,1,0.7892245853553684,5.449887400355955e-05,0.05400976198873823,4.049948083556584e-05,0.75,0.7887887887887888,0.0,-0.10303927073642699
117,alexnet,transfer,"DomainNet, Clipart domain",2,2,0.7805513598334545,4.002466962671684e-06,0.03726529388305619,2.283871015086629e-06,0.75,0.7807807807807807,0.3010299956639812,-0.10747088553550194
118,alexnet,transfer,"DomainNet, Clipart domain",2,4,0.8282513547956369,1.5473123618047637e-06,0.042216088218486846,1.403083737018664e-06,0.75,0.8278278278278278,0.6020599913279624,-0.08205997867343563
119,alexnet,transfer,"DomainNet, Clipart domain",2,8,0.8580659411228404,8.802359542956566e-06,0.05814920479404743,7.069982717187594e-06,0.75,0.8578578578578578,0.9030899869919435,-0.06658466630278415
120,alexnet,transfer,"DomainNet, Clipart domain",3,1,0.787150668963975,0.00010764616728543505,0.05861578319411611,8.076876538335592e-05,0.75,0.7867867867867868,0.0,-0.10414294218657438
121,alexnet,transfer,"DomainNet, Clipart domain",3,2,0.7714896585134591,3.0373986310337455e-06,0.03611373507444518,1.595137399747723e-06,0.75,0.7717717717717718,0.3010299956639812,-0.11251111017502531
122,alexnet,transfer,"DomainNet, Clipart domain",3,4,0.7899413992249276,5.402924373639037e-06,0.04788787613987752,3.928116753150197e-06,0.75,0.7897897897897898,0.6020599913279624,-0.10248848501656202
123,alexnet,transfer,"DomainNet, Clipart domain",3,8,0.7840847641453543,6.607078759920945e-07,0.05740738068065599,4.917533793802116e-07,0.75,0.7837837837837838,0.9030899869919435,-0.10580372616803892
124,alexnet,transfer,"DomainNet, Clipart domain",4,1,0.7902234878915109,2.5485482293552992e-05,0.048542211644399993,1.8615878889699588e-05,0.75,0.7897897897897898,0.0,-0.10248848501656202
125,alexnet,transfer,"DomainNet, Clipart domain",4,2,0.7652073848531877,4.658449029389623e-06,0.036584844959011,2.5844438514728614e-06,0.75,0.7647647647647647,0.3010299956639812,-0.1164721296502924
126,alexnet,transfer,"DomainNet, Clipart domain",4,4,0.7711376451084923,2.5093449138613847e-06,0.04629927662738679,1.6933098166763446e-06,0.75,0.7707707707707707,0.6020599913279624,-0.11307476305350046
127,alexnet,transfer,"DomainNet, Clipart domain",4,8,0.805423385557367,2.4821247487322955e-06,0.058579558471143295,1.9247207633652203e-06,0.75,0.8058058058058059,0.9030899869919435,-0.09376960785811377
128,alexnet,transfer,"DomainNet, Clipart domain",5,1,0.763047944791817,0.00021788592021557162,0.07904911315287433,0.00016936661564588077,0.75,0.7627627627627628,0.0,-0.1176105168863818
129,alexnet,transfer,"DomainNet, Clipart domain",5,2,0.745253963308071,1.1460317250102508e-07,0.03779896983786687,9.398816855352856e-08,0.75,0.7457457457457457,0.3010299956639812,-0.1274092154776895
130,alexnet,transfer,"DomainNet, Clipart domain",5,4,0.7456810562751709,8.621097945979396e-07,0.0444630050015997,6.711457164403568e-07,0.75,0.7457457457457457,0.6020599913279624,-0.1274092154776895
131,alexnet,transfer,"DomainNet, Clipart domain",5,8,0.7511795855122548,1.4697788176450213e-06,0.05576960653849529,1.1058277259740156e-06,0.75,0.7507507507507507,0.9030899869919435,-0.12450422483428228
132,alexnet,transfer,"DomainNet, Clipart domain",6,1,0.7855290751109982,5.88095987834958e-05,0.053926741921556796,4.3300591076993356e-05,0.75,0.7857857857857857,0.0,-0.10469583148072979
133,alexnet,transfer,"DomainNet, Clipart domain",6,2,0.7874906552180251,2.2520494478991976e-06,0.03876016125267702,1.4586475902038511e-06,0.75,0.7877877877877878,0.3010299956639812,-0.10359075586691774
134,alexnet,transfer,"DomainNet, Clipart domain",6,4,0.8333602441569472,1.4320389759035902e-06,0.038700208839298963,1.322593408540584e-06,0.75,0.8338338338338338,0.6020599913279624,-0.07892048681919474
135,alexnet,transfer,"DomainNet, Clipart domain",6,8,0.8481684140215533,6.084101717479251e-06,0.05866085395770115,4.878030866778631e-06,0.75,0.8478478478478478,0.9030899869919435,-0.0716820778952754
136,alexnet,transfer,"DomainNet, Clipart domain",7,1,0.7671374614822322,0.00015804060253607556,0.07170117561215353,0.00012111848263063655,0.75,0.7667667667667668,0.0,-0.11533671859337837
137,alexnet,transfer,"DomainNet, Clipart domain",7,2,0.7648738418796746,1.358692082156007e-06,0.035744827133067966,7.355309848973075e-07,0.75,0.7647647647647647,0.3010299956639812,-0.1164721296502924
138,alexnet,transfer,"DomainNet, Clipart domain",7,4,0.7888037365048878,5.40968107537613e-07,0.045827643968818346,3.856063394792571e-07,0.75,0.7887887887887888,0.6020599913279624,-0.10303927073642699
139,alexnet,transfer,"DomainNet, Clipart domain",7,8,0.8212309914392378,1.1245546478780042e-05,0.0575572862789491,8.940744505513169e-06,0.75,0.8208208208208209,0.9030899869919435,-0.0857516358422656
140,alexnet,transfer,"DomainNet, Clipart domain",8,1,0.814131829470799,4.261259841980088e-05,0.044371163170603745,3.7256339261166195e-05,0.75,0.8138138138138138,0.0,-0.08947494263191416
141,alexnet,transfer,"DomainNet, Clipart domain",8,2,0.7827542229175058,2.360738430972925e-06,0.038611779521882224,1.4311091222114372e-06,0.75,0.7827827827827828,0.3010299956639812,-0.1063587351661343
142,alexnet,transfer,"DomainNet, Clipart domain",8,4,0.7978977899220417,2.4879528246027513e-06,0.041965777398130094,1.9220628796338423e-06,0.75,0.7977977977977978,0.6020599913279624,-0.09810716682986996
143,alexnet,transfer,"DomainNet, Clipart domain",8,8,0.8145948910736799,2.9641538837249925e-06,0.05980928079858675,2.331527174121248e-06,0.75,0.8148148148148148,0.9030899869919435,-0.0889410833367811
144,VGG16,initialize,None,2,1,0.7725368620931854,inf,0.0019947596960232265,inf,0.75,0.7727727727727728,0.0,-0.11194818789024616
145,VGG16,initialize,None,2,2,0.7725368620931854,inf,0.0019947596960232265,inf,0.75,0.7727727727727728,0.3010299956639812,-0.11194818789024616
146,VGG16,initialize,None,2,4,0.7725368620931854,inf,0.0019947596960232265,inf,0.75,0.7727727727727728,0.6020599913279624,-0.11194818789024616
147,VGG16,initialize,None,2,8,0.7725368620931854,inf,0.0019947596960232265,inf,0.75,0.7727727727727728,0.9030899869919435,-0.11194818789024616
148,VGG16,initialize,None,3,1,0.8688838816731714,inf,0.0007520863625064336,inf,0.75,0.8688688688688688,0.0,-0.06104576304949043
149,VGG16,initialize,None,3,2,0.8688838816731714,inf,0.0007520863625064336,inf,0.75,0.8688688688688688,0.3010299956639812,-0.06104576304949043
150,VGG16,initialize,None,3,4,0.8688838816731714,inf,0.0007520863625064336,inf,0.75,0.8688688688688688,0.6020599913279624,-0.06104576304949043
151,VGG16,initialize,None,3,8,0.8688838816731714,inf,0.0007520863625064336,inf,0.75,0.8688688688688688,0.9030899869919435,-0.06104576304949043
152,VGG16,initialize,None,4,1,0.7725368620931854,inf,0.0019947596960232265,inf,0.75,0.7727727727727728,0.0,-0.11194818789024616
153,VGG16,initialize,None,4,2,0.7725368620931854,inf,0.0019947596960232265,inf,0.75,0.7727727727727728,0.3010299956639812,-0.11194818789024616
154,VGG16,initialize,None,4,4,0.7725368620931854,inf,0.0019947596960232265,inf,0.75,0.7727727727727728,0.6020599913279624,-0.11194818789024616
155,VGG16,initialize,None,4,8,0.7725368620931854,inf,0.0019947596960232265,inf,0.75,0.7727727727727728,0.9030899869919435,-0.11194818789024616
156,VGG16,initialize,None,8,1,0.8688838816731714,inf,0.0007520863625064336,inf,0.75,0.8688688688688688,0.0,-0.06104576304949043
157,VGG16,initialize,None,8,2,0.8688838816731714,inf,0.0007520863625064336,inf,0.75,0.8688688688688688,0.3010299956639812,-0.06104576304949043
158,VGG16,initialize,None,8,4,0.8688838816731714,inf,0.0007520863625064336,inf,0.75,0.8688688688688688,0.6020599913279624,-0.06104576304949043
159,VGG16,initialize,None,8,8,0.8688838816731714,inf,0.0007520863625064336,inf,0.75,0.8688688688688688,0.9030899869919435,-0.06104576304949043
160,VGG16,transfer,search stimuli (classify),8,1,0.4470181969309234,-6.6943309039516914e-09,0.0035455881916400356,-1.3539957138046778e-09,0.75,0.44744744744744747,0.0,-0.34925796509404583
161,VGG16,transfer,search stimuli (classify),8,2,0.5517412882024182,5.38841985901571e-05,0.0490366700870851,4.410756378336705e-05,0.75,0.5515515515515516,0.3010299956639812,-0.2584138893741973
162,VGG16,transfer,search stimuli (classify),8,4,0.589761720022291,1.4659273026883111e-05,0.046844313117036115,1.0511662197053666e-05,0.75,0.5895895895895896,0.6020599913279624,-0.22945019343888062
163,VGG16,transfer,search stimuli (classify),8,8,0.6453974007170968,8.560569562498853e-06,0.02949710766408861,1.2447353322769823e-05,0.75,0.6456456456456456,0.9030899869919435,-0.19000577359071452
164,VGG16,transfer,ImageNet,1,1,0.584388454254412,0.002278487287114772,0.1415672567056945,0.0018649380795164208,0.75,0.5845845845845846,0.0,-0.2331526411135828
165,VGG16,transfer,ImageNet,1,2,0.6524623512965756,0.00010287804507431391,0.10510633022353637,8.152456223636825e-05,0.75,0.6526526526526526,0.3010299956639812,-0.18531789249406214
166,VGG16,transfer,ImageNet,1,4,0.6941432365770508,6.835420385532774e-05,0.18185514194723906,6.603400116886489e-05,0.75,0.6936936936936937,0.6020599913279624,-0.15883225361417555
167,VGG16,transfer,ImageNet,1,8,0.987115402978689,0.0026925894729609152,0.27710970457271034,0.0025207393022577264,0.75,0.986986986986987,0.9030899869919435,-0.005688573284771114
168,VGG16,transfer,ImageNet,2,1,0.667936229418053,0.0027249147102187676,0.14512989608761329,0.002333191132669631,0.75,0.6676676676676676,0.0,-0.17543965430943337
169,VGG16,transfer,ImageNet,2,2,0.6491943114379265,9.432278258113743e-05,0.10153325456264434,7.448105804856862e-05,0.75,0.6496496496496497,0.3010299956639812,-0.18732079142561306
170,VGG16,transfer,ImageNet,2,4,0.6587985342947569,0.0001309932938624887,0.17744530976768652,0.00012128350172547323,0.75,0.6586586586586587,0.6020599913279624,-0.18133959461202678
171,VGG16,transfer,ImageNet,2,8,0.8834034317120955,0.0021380625158035995,0.3067941077535352,0.002510679560511901,0.75,0.8838838838838838,0.9030899869919435,-0.05360478464841375
172,VGG16,transfer,ImageNet,3,1,0.7700552559950434,0.0012912774063338407,0.09216967807008371,0.001041449582091668,0.75,0.7697697697697697,0.0,-0.11363914842455129
173,VGG16,transfer,ImageNet,3,2,0.6981751180214321,9.637147060049819e-05,0.07599496892189563,7.49632630094678e-05,0.75,0.6976976976976977,0.3010299956639812,-0.15633271012797287
174,VGG16,transfer,ImageNet,3,4,0.6451192709590874,2.6344135747117445e-05,0.1589436761614485,2.298184357678956e-05,0.75,0.6446446446446447,0.6020599913279624,-0.19067962086617019
175,VGG16,transfer,ImageNet,3,8,0.8475259017253319,0.0009303201341771388,0.24498308751067,0.0010783574343393065,0.75,0.8478478478478478,0.9030899869919435,-0.0716820778952754
176,VGG16,transfer,ImageNet,4,1,0.4392336129343312,0.0007257906478994015,0.07099230212908564,0.0005656274780497111,0.75,0.4394394394394394,0.0,-0.35710096798386093
177,VGG16,transfer,ImageNet,4,2,0.5864242400637804,0.00010961422596904873,0.1222780288744501,8.745613298116251e-05,0.75,0.5865865865865866,0.3010299956639812,-0.23166787220789167
178,VGG16,transfer,ImageNet,4,4,0.6256949638186857,0.00011850722023662833,0.1770384356179919,0.00010712019305263986,0.75,0.6256256256256256,0.6020599913279624,-0.20368547088190708
179,VGG16,transfer,ImageNet,4,8,0.9379915570022028,0.00173541933043783,0.30829750784031956,0.0018472814881184763,0.75,0.9379379379379379,0.9030899869919435,-0.027825897338204064
180,VGG16,transfer,ImageNet,5,1,0.7719060881549743,0.00161948698183655,0.10306406161802686,0.0013525120945740764,0.75,0.7717717717717718,0.0,-0.11251111017502531
181,VGG16,transfer,ImageNet,5,2,0.69443495322046,0.00020902469665074996,0.08367709467546018,0.00016316498625829285,0.75,0.6946946946946947,0.3010299956639812,-0.1582060177711274
182,VGG16,transfer,ImageNet,5,4,0.6015885258884704,0.00017576231307712045,0.18051829134332506,0.00015831305751662345,0.75,0.6016016016016016,0.6020599913279624,-0.22069101622324278
183,VGG16,transfer,ImageNet,5,8,0.8346258890538404,0.0017121435069833138,0.3061295783450316,0.0021494185574856095,0.75,0.8348348348348348,0.9030899869919435,-0.07839943758824362
184,VGG16,transfer,ImageNet,6,1,0.35148803793523054,8.726112371468612e-05,0.03984482725001154,7.782962610837953e-05,0.75,0.35135135135135137,0.0,-0.45425837176015815
185,VGG16,transfer,ImageNet,6,2,0.5278369067865065,0.0001340453665573024,0.13570501969543244,0.0001078377659723363,0.75,0.5275275275275275,0.3010299956639812,-0.2777548730134357
186,VGG16,transfer,ImageNet,6,4,0.6304752197103799,0.0005028160500130878,0.23996127144109713,0.0005565172359313678,0.75,0.6306306306306306,0.6020599913279624,-0.2002249387724006
187,VGG16,transfer,ImageNet,6,8,0.9686843814914946,0.007197728696159256,0.40280380769244195,0.00809702535153226,0.75,0.968968968968969,0.9030899869919435,-0.013690130917588627
188,VGG16,transfer,ImageNet,7,1,0.6068165953987795,0.002460198170304329,0.15093925352903606,0.0020647891803766143,0.75,0.6066066066066066,0.0,-0.2170928640596961
189,VGG16,transfer,ImageNet,7,2,0.6145037794515046,8.205979978815328e-05,0.12553359632877953,6.60823283249334e-05,0.75,0.6146146146146146,0.3010299956639812,-0.2113971170848146
190,VGG16,transfer,ImageNet,7,4,0.6403580478293938,0.00020337735559570615,0.19822372600245622,0.00019749880795246703,0.75,0.6406406406406406,0.6020599913279624,-0.19338551424209513
191,VGG16,transfer,ImageNet,7,8,0.8809139372963476,0.0022234613525810914,0.3512832791122529,0.002782081967310619,0.75,0.8808808808808809,0.9030899869919435,-0.055082816075813675
192,VGG16,transfer,ImageNet,8,1,0.40283993943564755,0.0004039446067442493,0.07376620532153058,0.00031520354694251153,0.75,0.4024024024024024,0.0,-0.39533943514151226
193,VGG16,transfer,ImageNet,8,2,0.5587889551011935,0.00012037590617747435,0.1389516832713138,9.76043357515525e-05,0.75,0.5585585585585585,0.3010299956639812,-0.2529312892884036
194,VGG16,transfer,ImageNet,8,4,0.6293783341493775,0.0003778604271970728,0.23240374856275994,0.0004073552026419909,0.75,0.6296296296296297,0.6020599913279624,-0.20091484278071337
195,VGG16,transfer,ImageNet,8,8,0.9688901277360497,0.005188271657913422,0.37012971677329065,0.005543149335899749,0.75,0.968968968968969,0.9030899869919435,-0.013690130917588627
196,VGG16,transfer,Stylized ImageNet,1,1,0.3659503541286092,5.379252776544425e-06,0.016018821037814775,0.00028266125556775334,0.75,0.3663663663663664,0.0,-0.4360844028315716
197,VGG16,transfer,Stylized ImageNet,1,2,0.64058179153028,1.7418066920147214e-05,0.07342335301652239,1.3649523035149704e-05,0.75,0.6406406406406406,0.3010299956639812,-0.19338551424209513
198,VGG16,transfer,Stylized ImageNet,1,4,0.7462044840486856,1.0284281816387138e-05,0.05095290021647421,7.852017462456904e-06,0.75,0.7457457457457457,0.6020599913279624,-0.1274092154776895
199,VGG16,transfer,Stylized ImageNet,1,8,0.8290196027044465,1.6026694364980592e-05,0.06779593062747329,1.2907935097083477e-05,0.75,0.8288288288288288,0.9030899869919435,-0.08153515144110217
200,VGG16,transfer,Stylized ImageNet,2,1,0.36304727198237635,2.836199170326314e-06,0.01762914334266886,7.32737604657366e-05,0.75,0.36336336336336333,0.0,-0.4396588631898698
201,VGG16,transfer,Stylized ImageNet,2,2,0.6486110123328863,2.1015973126076053e-05,0.07054791532618702,1.647274102716787e-05,0.75,0.6486486486486487,0.3010299956639812,-0.18799048235538895
202,VGG16,transfer,Stylized ImageNet,2,4,0.7565800446264709,1.2701906548918725e-05,0.053002200348592945,9.371137975038662e-06,0.75,0.7567567567567568,0.6020599913279624,-0.12104369272477576
203,VGG16,transfer,Stylized ImageNet,2,8,0.7967318051450641,4.531946638010229e-05,0.06599874097792677,3.496140638029036e-05,0.75,0.7967967967967968,0.9030899869919435,-0.09865242048831326
204,VGG16,transfer,Stylized ImageNet,3,1,0.3641446916830567,1.2865391642162734e-06,0.018556029433877762,2.867042823318261e-05,0.75,0.36436436436436437,0.0,-0.4384641045769263
205,VGG16,transfer,Stylized ImageNet,3,2,0.641609026722894,9.456993709601306e-06,0.06550480090986985,7.433629349160341e-06,0.75,0.6416416416416416,0.3010299956639812,-0.1927074587071649
206,VGG16,transfer,Stylized ImageNet,3,4,0.7363484353580216,1.659176317171783e-05,0.051102664124931974,1.315069295091819e-05,0.75,0.7367367367367368,0.6020599913279624,-0.1326876738884834
207,VGG16,transfer,Stylized ImageNet,3,8,0.7990933091713583,2.5577560158095204e-05,0.07886099374153735,2.0399499518006466e-05,0.75,0.7987987987987988,0.9030899869919435,-0.09756259687525289
208,VGG16,transfer,Stylized ImageNet,4,1,0.3572438505191032,7.004585074307562e-05,0.014606169907611323,0.0002602571458746994,0.75,0.35735735735735735,0.0,-0.44689727211378916
209,VGG16,transfer,Stylized ImageNet,4,2,0.6407113813489186,1.0956669731228022e-05,0.06678625459473876,8.606098489039129e-06,0.75,0.6406406406406406,0.3010299956639812,-0.19338551424209513
210,VGG16,transfer,Stylized ImageNet,4,4,0.740097664435999,3.3583717518921773e-06,0.042360079507972936,2.8257242003856118e-06,0.75,0.7397397397397397,0.6020599913279624,-0.13092104983115657
211,VGG16,transfer,Stylized ImageNet,4,8,0.7839865736420178,1.7592983120792705e-05,0.058367702803272574,1.3134264140757772e-05,0.75,0.7837837837837838,0.9030899869919435,-0.10580372616803892
212,VGG16,transfer,Stylized ImageNet,5,1,0.35547368822058306,1.6122836714368405e-06,0.019313686876459547,5.1913442682795935e-06,0.75,0.35535535535535534,0.0,-0.44933713517088825
213,VGG16,transfer,Stylized ImageNet,5,2,0.611360080806891,5.831500066711826e-06,0.07793079125730629,4.561034183076237e-06,0.75,0.6116116116116116,0.3010299956639812,-0.2135242779834281
214,VGG16,transfer,Stylized ImageNet,5,4,0.7073958759163259,6.677711170112983e-06,0.06184427358338219,5.203332139424705e-06,0.75,0.7077077077077077,0.6020599913279624,-0.1501460744290829
215,VGG16,transfer,Stylized ImageNet,5,8,0.7630288889629058,0.00015363212259961314,0.11365725422330342,0.00013137807407841306,0.75,0.7627627627627628,0.9030899869919435,-0.1176105168863818
216,VGG16,transfer,Stylized ImageNet,6,1,0.367048996659019,8.805352210963267e-06,0.016581211594826548,0.0002310666616260557,0.75,0.36736736736736736,0.0,-0.43489942397389303
217,VGG16,transfer,Stylized ImageNet,6,2,0.6721987084066118,2.6213125366571804e-05,0.06749921748678256,2.0456878234593036e-05,0.75,0.6726726726726726,0.3010299956639812,-0.1721962151721571
218,VGG16,transfer,Stylized ImageNet,6,4,0.7549726432629158,5.953795621320669e-06,0.04621932783856738,4.29171815118007e-06,0.75,0.7547547547547547,0.6020599913279624,-0.12219414235620826
219,VGG16,transfer,Stylized ImageNet,6,8,0.7928138656408821,1.878851838502469e-05,0.0628511351591915,1.4341567989203402e-05,0.75,0.7927927927927928,0.9030899869919435,-0.1008403066364888
220,VGG16,transfer,Stylized ImageNet,7,1,0.3691247261087042,3.2779069867054873,0.00683368066783668,7.8395087151204255,0.75,0.36936936936936937,0.0,-0.4325391220669219
221,VGG16,transfer,Stylized ImageNet,7,2,0.6783247239603379,5.372047867550434e-06,0.05852302400224288,4.156093078946362e-06,0.75,0.6786786786786787,0.3010299956639812,-0.16833579435891893
222,VGG16,transfer,Stylized ImageNet,7,4,0.7652575225253567,1.5969829801893006e-05,0.05179872509150141,1.1480268123282788e-05,0.75,0.7647647647647647,0.6020599913279624,-0.1164721296502924
223,VGG16,transfer,Stylized ImageNet,7,8,0.8659987731147668,2.983413381323373e-05,0.08394457976338347,2.7343291124642814e-05,0.75,0.8658658658658659,0.9030899869919435,-0.06254938076116807
224,VGG16,transfer,Stylized ImageNet,8,1,0.3618351404525517,2.1879025673695846e-06,0.016618935380493277,4.4969704663681805e-05,0.75,0.3613613613613614,0.0,-0.44205828632032435
225,VGG16,transfer,Stylized ImageNet,8,2,0.6492377479179364,8.318425146296995e-06,0.06307943218733009,6.540268392034016e-06,0.75,0.6496496496496497,0.3010299956639812,-0.18732079142561306
226,VGG16,transfer,Stylized ImageNet,8,4,0.7632298699533508,1.747016176798982e-05,0.05306230611424514,1.2699283517614437e-05,0.75,0.7627627627627628,0.6020599913279624,-0.1176105168863818
227,VGG16,transfer,Stylized ImageNet,8,8,0.8483404630060963,2.76483554161499e-05,0.0660977771550217,2.269676983904411e-05,0.75,0.8478478478478478,0.9030899869919435,-0.0716820778952754
228,VGG16,transfer,"DomainNet, Clipart domain",1,1,0.4537514256923142,2.1222979617366454e-05,0.01876851441747141,0.00040882344656702153,0.75,0.45345345345345345,0.0,-0.3434672862131504
229,VGG16,transfer,"DomainNet, Clipart domain",1,2,0.6412310333399152,0.0002989659326608522,0.09479575890407879,0.0002349601765730704,0.75,0.6416416416416416,0.3010299956639812,-0.1927074587071649
230,VGG16,transfer,"DomainNet, Clipart domain",1,4,0.7629326620714995,7.027198511670576e-05,0.07076004365184148,5.372722896189975e-05,0.75,0.7627627627627628,0.6020599913279624,-0.1176105168863818
231,VGG16,transfer,"DomainNet, Clipart domain",1,8,0.790558266371978,5.8400102100633364e-05,0.06686628209079024,4.4837547921780875e-05,0.75,0.7907907907907907,0.9030899869919435,-0.10193839693554091
232,VGG16,transfer,"DomainNet, Clipart domain",2,1,0.43506788777550515,1.3543721218937247e-05,0.022453667152265537,1.1940147173562089e-05,0.75,0.43543543543543545,0.0,-0.36107623127134497
233,VGG16,transfer,"DomainNet, Clipart domain",2,2,0.5987786293112478,0.00035147302835555997,0.08849692803758152,0.00027521304885223927,0.75,0.5985985985985985,0.3010299956639812,-0.2228643042375715
234,VGG16,transfer,"DomainNet, Clipart domain",2,4,0.7482493525234762,0.00012661350486812146,0.0816714965495478,9.856256590105419e-05,0.75,0.7487487487487487,0.6020599913279624,-0.12566389036152095
235,VGG16,transfer,"DomainNet, Clipart domain",2,8,0.8161434332467704,2.2314174206020316e-05,0.06183492392707589,1.7579537345325244e-05,0.75,0.8158158158158159,0.9030899869919435,-0.08840787948600567
236,VGG16,transfer,"DomainNet, Clipart domain",3,1,0.44061471482393255,1.1286819727262594e-05,0.02156524064368407,1.741707871016272e-05,0.75,0.44044044044044045,0.0,-0.35611281173979487
237,VGG16,transfer,"DomainNet, Clipart domain",3,2,0.6400145615355507,0.00026531247581013253,0.09731838718798169,0.00020877230855268164,0.75,0.6396396396396397,0.3010299956639812,-0.19406463006758212
238,VGG16,transfer,"DomainNet, Clipart domain",3,4,0.8016321951811393,7.441002524461552e-05,0.06978997005972397,5.81583874934995e-05,0.75,0.8018018018018018,0.6020599913279624,-0.09593297214174464
239,VGG16,transfer,"DomainNet, Clipart domain",3,8,0.8699151716860646,9.8601384192078e-06,0.06653950976154056,8.39167807962949e-06,0.75,0.8698698698698699,0.9030899869919435,-0.06054571177731581
240,VGG16,transfer,"DomainNet, Clipart domain",4,1,0.4385432815138847,3.343123108706739e-05,0.024471623565635352,4.022663086512297e-05,0.75,0.43843843843843844,0.0,-0.35809137772188276
241,VGG16,transfer,"DomainNet, Clipart domain",4,2,0.645190046083296,0.00022660869225168503,0.09685694325339127,0.00017831701416294948,0.75,0.6456456456456456,0.3010299956639812,-0.19000577359071452
242,VGG16,transfer,"DomainNet, Clipart domain",4,4,0.7741129084759385,9.782590188963512e-05,0.0784725699109733,7.631403074225632e-05,0.75,0.7737737737737738,0.6020599913279624,-0.1113859943076574
243,VGG16,transfer,"DomainNet, Clipart domain",4,8,0.8208651392519541,2.0811956184611386e-05,0.072697807403366,1.6775488587635005e-05,0.75,0.8208208208208209,0.9030899869919435,-0.0857516358422656
244,VGG16,transfer,"DomainNet, Clipart domain",5,1,0.4543280662755655,6.299090566513654e-06,0.017740887514302243,0.00019660487030053893,0.75,0.4544544544544544,0.0,-0.3425096353688784
245,VGG16,transfer,"DomainNet, Clipart domain",5,2,0.62085211515684,0.00022849223021093845,0.08939233320172861,0.00017912785488126455,0.75,0.6206206206206206,0.3010299956639812,-0.20717379872772843
246,VGG16,transfer,"DomainNet, Clipart domain",5,4,0.7604932159172502,8.616063168756122e-05,0.07308316657285847,6.615383899134798e-05,0.75,0.7607607607607607,0.6020599913279624,-0.11875189594519096
247,VGG16,transfer,"DomainNet, Clipart domain",5,8,0.80880850067459,4.255827011422467e-05,0.06749149722491113,3.340268657146416e-05,0.75,0.8088088088088088,0.9030899869919435,-0.09215412745139616
248,VGG16,transfer,"DomainNet, Clipart domain",6,1,0.44491884255937997,3.0365404785857267e-05,0.02095596350803627,8.30546139468351e-05,0.75,0.4444444444444444,0.0,-0.35218251811136253
249,VGG16,transfer,"DomainNet, Clipart domain",6,2,0.6017048252395123,0.00031826578564694976,0.0888553760338749,0.0002492683240647276,0.75,0.6016016016016016,0.3010299956639812,-0.22069101622324278
250,VGG16,transfer,"DomainNet, Clipart domain",6,4,0.7375016882444514,0.00012025605193804395,0.08174491666066366,9.351772931898377e-05,0.75,0.7377377377377378,0.6020599913279624,-0.1320980003669308
251,VGG16,transfer,"DomainNet, Clipart domain",6,8,0.7963986707055672,6.676669540968629e-05,0.06812463148192067,5.170425009794753e-05,0.75,0.7967967967967968,0.9030899869919435,-0.09865242048831326
252,VGG16,transfer,"DomainNet, Clipart domain",7,1,0.44612047999221344,1.8566049194658792e-05,0.02122888916484723,5.975180451521269e-05,0.75,0.44644644644644643,0.0,-0.35023062951384043
253,VGG16,transfer,"DomainNet, Clipart domain",7,2,0.6005280006291888,0.0003035245933007675,0.08762520158020692,0.0002376402981360573,0.75,0.6006006006006006,0.3010299956639812,-0.22141423784233868
254,VGG16,transfer,"DomainNet, Clipart domain",7,4,0.7503316577754996,9.761806436879617e-05,0.08023417490682457,7.582554489550053e-05,0.75,0.7507507507507507,0.6020599913279624,-0.12450422483428228
255,VGG16,transfer,"DomainNet, Clipart domain",7,8,0.8391253765081332,2.6019665236425004e-05,0.05398505483564125,2.078015015193361e-05,0.75,0.8388388388388388,0.9030899869919435,-0.07632146959570582
256,VGG16,transfer,"DomainNet, Clipart domain",8,1,0.4426138859803375,1.812057886802892e-05,0.020090093220049666,3.607641141980674e-05,0.75,0.44244244244244246,0.0,-0.3541432188768904
257,VGG16,transfer,"DomainNet, Clipart domain",8,2,0.5882731347224475,0.0003331610201637726,0.08516620219938575,0.00026053309477151124,0.75,0.5885885885885885,0.3010299956639812,-0.23018816214984383
258,VGG16,transfer,"DomainNet, Clipart domain",8,4,0.7017322003005726,0.00023838381385990533,0.09735864403580655,0.0001886466076567835,0.75,0.7017017017017017,0.6020599913279624,-0.1538474702593237
259,VGG16,transfer,"DomainNet, Clipart domain",8,8,0.7518048723230772,0.00015665207674649457,0.09215800481757108,0.00012479313154103446,0.75,0.7517517517517518,0.9030899869919435,-0.1239255512218139
